{
  "title": "Character table of A\u2085 (alternating group on 5 letters, order 60)",
  "order": 60,
  "n_classes": 5,
  "n_irreps": 5,
  "class_names": [
    "{e}",
    "C\u2082",
    "C\u2083",
    "C\u2085",
    "C\u2085'"
  ],
  "class_sizes": [
    1.0,
    15.0,
    20.0,
    12.0,
    12.0
  ],
  "class_orders": [
    1,
    2,
    3,
    5,
    5
  ],
  "irrep_names": [
    "\u03c7\u2081(1)",
    "\u03c7\u2083(3)",
    "\u03c7\u2083'(3)",
    "\u03c7\u2084(4)",
    "\u03c7\u2085(5)"
  ],
  "irrep_dims": [
    1,
    3,
    3,
    4,
    5
  ],
  "characters": [
    [
      1.0,
      1.0,
      1.0,
      1.0,
      1.0
    ],
    [
      3.0,
      -1.0,
      0.0,
      1.618033988749895,
      -0.6180339887498949
    ],
    [
      3.0,
      -1.0,
      0.0,
      -0.6180339887498949,
      1.618033988749895
    ],
    [
      4.0,
      0.0,
      1.0,
      -1.0,
      -1.0
    ],
    [
      5.0,
      1.0,
      -1.0,
      0.0,
      0.0
    ]
  ],
  "sum_dim_sq": 60,
  "orthogonality_verified": true,
  "note": "\u03c6 = (1+\u221a5)/2. Characters at C\u2085 involve \u03c6 and 1-\u03c6."
}