{
  "title": "Character table of 2I (binary icosahedral group, order 120)",
  "order": 120,
  "n_classes": 9,
  "n_irreps": 9,
  "class_names": [
    "1a",
    "2a",
    "3a",
    "4a",
    "5a",
    "5b",
    "6a",
    "10a",
    "10b"
  ],
  "class_sizes": [
    1.0,
    1.0,
    20.0,
    30.0,
    12.0,
    12.0,
    20.0,
    12.0,
    12.0
  ],
  "irrep_names": [
    "\u03c1\u2081(1)",
    "\u03c1\u2082(2)",
    "\u03c1\u2082'(2)",
    "\u03c1\u2083(3)",
    "\u03c1\u2083'(3)",
    "\u03c1\u2084(4)",
    "\u03c1\u2084'(4)",
    "\u03c1\u2085(5)",
    "\u03c1\u2086(6)"
  ],
  "irrep_dims": [
    1,
    2,
    2,
    3,
    3,
    4,
    4,
    5,
    6
  ],
  "characters": [
    [
      1.0,
      1.0,
      1.0,
      1.0,
      1.0,
      1.0,
      1.0,
      1.0,
      1.0
    ],
    [
      2.0,
      -2.0,
      -1.0,
      0.0,
      0.6180339887498949,
      -1.618033988749895,
      1.0,
      -0.6180339887498949,
      1.618033988749895
    ],
    [
      2.0,
      -2.0,
      -1.0,
      0.0,
      -1.618033988749895,
      0.6180339887498949,
      1.0,
      1.618033988749895,
      -0.6180339887498949
    ],
    [
      3.0,
      3.0,
      0.0,
      -1.0,
      1.618033988749895,
      -0.6180339887498949,
      0.0,
      1.618033988749895,
      -0.6180339887498949
    ],
    [
      3.0,
      3.0,
      0.0,
      -1.0,
      -0.6180339887498949,
      1.618033988749895,
      0.0,
      -0.6180339887498949,
      1.618033988749895
    ],
    [
      4.0,
      4.0,
      1.0,
      0.0,
      -1.0,
      -1.0,
      1.0,
      -1.0,
      -1.0
    ],
    [
      4.0,
      -4.0,
      1.0,
      0.0,
      -1.0,
      -1.0,
      -1.0,
      1.0,
      1.0
    ],
    [
      5.0,
      5.0,
      -1.0,
      1.0,
      0.0,
      0.0,
      -1.0,
      0.0,
      0.0
    ],
    [
      6.0,
      -6.0,
      0.0,
      0.0,
      1.0,
      1.0,
      0.0,
      -1.0,
      -1.0
    ]
  ],
  "bosonic_indices": [
    0,
    3,
    4,
    5,
    7
  ],
  "fermionic_indices": [
    1,
    2,
    6,
    8
  ],
  "sum_dim_sq": 120,
  "orthogonality_verified": true,
  "note": "Bosonic irreps are lifts of A\u2085 irreps. Fermionic irreps are spinor representations."
}