{
  "title": "Graviton propagator G = P_\u03c7\u2085/\u03bb\u2085 on dodecahedron",
  "tensor_structure": "Sym\u00b2(\u03c7\u2083) = \u03c7\u2081 \u2295 \u03c7\u2085. Graviton = \u03c7\u2085 (traceless symmetric tensor, dim 5)",
  "chi5_eigenvalue": 2.0,
  "G_self": 0.125,
  "by_distance": {
    "0": {
      "n_vertices": 1,
      "G_value": 0.125,
      "G_ratio": 1.0
    },
    "1": {
      "n_vertices": 3,
      "G_value": 0.04166667,
      "G_ratio": 0.333333
    },
    "2": {
      "n_vertices": 6,
      "G_value": -0.04166667,
      "G_ratio": -0.333333
    },
    "3": {
      "n_vertices": 6,
      "G_value": -0.04166667,
      "G_ratio": -0.333333
    },
    "4": {
      "n_vertices": 3,
      "G_value": 0.04166667,
      "G_ratio": 0.333333
    },
    "5": {
      "n_vertices": 1,
      "G_value": 0.125,
      "G_ratio": 1.0
    }
  },
  "key_result": "G(nn)/G(self) = 1/3 = 1/dim(\u03c7\u2083) = Newton's 1/r in discrete form",
  "sector_propagators_at_nn": {
    "\u03c7\u2083": {
      "G_self": 0.19635255,
      "G_nn": 0.14635255,
      "ratio": 0.745356
    },
    "\u03c7\u2083'": {
      "G_self": 0.02864745,
      "G_nn": -0.02135255,
      "ratio": -0.745356
    },
    "\u03c7\u2084a": {
      "G_self": 0.06666667,
      "G_nn": -0.0,
      "ratio": -0.0
    },
    "\u03c7\u2084b": {
      "G_self": 0.04,
      "G_nn": -0.02666667,
      "ratio": -0.666667
    },
    "\u03c7\u2085": {
      "G_self": 0.125,
      "G_nn": 0.04166667,
      "ratio": 0.333333
    }
  },
  "matter_gravity_ratio": 2.23607,
  "note": "Matter propagates \u221a5\u00d7 more strongly than gravity between neighbors"
}