{
  "title": "Dodecahedral Laplacian eigenvalues and Green's function",
  "n_vertices": 20,
  "n_edges": 30,
  "degree": 3,
  "eigenvalue_spectrum": {
    "0.0": {
      "irrep": "\u03c7\u2081",
      "mult": 1,
      "eigenvalue": 0
    },
    "0.7639": {
      "irrep": "\u03c7\u2083",
      "mult": 3,
      "eigenvalue": 0.7639320225002102
    },
    "2.0": {
      "irrep": "\u03c7\u2085",
      "mult": 5,
      "eigenvalue": 2.0
    },
    "3.0": {
      "irrep": "\u03c7\u2084a",
      "mult": 4,
      "eigenvalue": 3.0
    },
    "5.0": {
      "irrep": "\u03c7\u2084b",
      "mult": 4,
      "eigenvalue": 5.0
    },
    "5.2361": {
      "irrep": "\u03c7\u2083'",
      "mult": 3,
      "eigenvalue": 5.23606797749979
    }
  },
  "diagonal_Greens_function": {
    "\u03c7\u2083": 0.19635255,
    "\u03c7\u2085": 0.125,
    "\u03c7\u2084a": 0.06666667,
    "\u03c7\u2084b": 0.04,
    "\u03c7\u2083'": 0.02864745
  },
  "G_total": 0.45666667,
  "alpha_times_G": 0.00333246,
  "alpha_times_G_percent": 0.3332,
  "note": "G(0,0) = 0.4567 appears in \u03b1 formula, \u0394r, proton radius, and graviton propagator"
}