{
  "full_vacuum": {
    "\u03c7\u2081": 0.1431,
    "\u03c7\u2083": 7.5263,
    "\u03c7\u2083'": 7.5263,
    "\u03c7\u2084": 24.9795,
    "\u03c7\u2085": 59.8247
  },
  "face_rep_weight_pct": 21.652405,
  "face_rep_composition": {
    "\u03c7\u2081": 0.2271,
    "\u03c7\u2083": 10.0258,
    "\u03c7\u2083'": 10.0258,
    "\u03c7\u2085": 79.7213
  },
  "prob_by_n_dark_edges": {
    "0": 21.652405,
    "1": 41.686647,
    "2": 27.798432,
    "3": 7.875327,
    "4": 0.947703,
    "5": 0.039487
  },
  "matter_fraction": 15.0526,
  "dark_fraction": 24.9795,
  "force_fraction": 59.8247,
  "planck_DM": 26.8,
  "planck_DE": 68.3,
  "planck_visible": 4.9,
  "chi4_vs_planck_DM_pct": 6.79
}