{
  "computation": "DARK SECTOR \u2014 \u03c7\u2081+\u03c7\u2083+\u03c7\u2083'+\u03c7\u2084 (no photon/gluon)",
  "sector": "chi1_chi3_chi3p_chi4",
  "sector_irreps": [
    0,
    1,
    2,
    3
  ],
  "sector_dims_sq": 35,
  "n_configs": 1024,
  "T_max": 1.8223792138897483e+25,
  "n_positive_eigenvalues": 513,
  "eigenvalues_top100": [
    1.8223792138897483e+25,
    9.614550156215285e+23,
    7.180718308462852e+23,
    4.050594077680531e+23,
    4.7052794342687315e+22,
    1.6361170611803722e+22,
    1.0888319496964694e+22,
    4.4097763964603067e+21,
    3.3289115607527184e+21,
    2.963342724452312e+21,
    2.2482994058608312e+21,
    2.1414750264439483e+21,
    1.7716052857511553e+21,
    1.6846883578821597e+21,
    1.3522959186095036e+21,
    1.2745162377352805e+21,
    9.977297470227669e+20,
    9.679660904843088e+20,
    9.615360508739172e+20,
    8.597305416384979e+20,
    7.966942121096569e+20,
    7.325512385690302e+20,
    7.25608757912795e+20,
    5.456565635742146e+20,
    4.3147337629151376e+20,
    4.1907503209293316e+20,
    3.5859836460533416e+20,
    3.294191782432981e+20,
    2.499808521879743e+20,
    1.6370789051119993e+20,
    1.488085119629307e+20,
    1.3401563461298789e+20,
    8.892779886514323e+19,
    7.003644467973609e+19,
    5.888403934918942e+19,
    4.079328355251395e+19,
    3.3000875444615066e+19,
    2.9236992626248577e+19,
    2.451730055297413e+19,
    2.154384816614332e+19,
    1.7974921454593794e+19,
    1.4891754653388214e+19,
    1.1306530138650972e+19,
    9.989679559332415e+18,
    8.727532646402788e+18,
    8.56644522378921e+18,
    6.12808141039476e+18,
    5.498302310867857e+18,
    5.085366787828415e+18,
    4.939669881543608e+18,
    4.5505002628961833e+18,
    4.2744806443378253e+18,
    3.92660142777592e+18,
    3.566093950185812e+18,
    3.053005111777178e+18,
    2.6888759196343373e+18,
    2.675542997091018e+18,
    2.494975954487411e+18,
    2.459786322069826e+18,
    2.213324136797652e+18,
    1.9867732032638433e+18,
    1.9510334221966218e+18,
    1.8235065039596682e+18,
    1.8078935679213647e+18,
    1.6377508449039496e+18,
    1.510410740631591e+18,
    1.4850575264253194e+18,
    1.3971168040408302e+18,
    1.3721041310113308e+18,
    1.2389058937310543e+18,
    1.0504254315828607e+18,
    9.254889937574848e+17,
    8.958456264277211e+17,
    8.879585275155004e+17,
    8.253084894669268e+17,
    7.987966089383528e+17,
    7.659645862551638e+17,
    7.041351122726706e+17,
    6.89046184130761e+17,
    6.488783951828922e+17,
    6.439527360032e+17,
    6.25859355234106e+17,
    5.6229627326840435e+17,
    5.577773060222558e+17,
    5.150779645979425e+17,
    5.1215423808772736e+17,
    4.771686862460567e+17,
    4.167502753828908e+17,
    3.719101557065543e+17,
    3.3023198689773024e+17,
    3.1021372561800486e+17,
    2.994853271801408e+17,
    2.9393834486038835e+17,
    2.5999573934250477e+17,
    2.2447192984416102e+17,
    2.2119487239543152e+17,
    2.1315202503185782e+17,
    2.0460744617248858e+17,
    1.808240016519456e+17,
    1.7767211904288346e+17
  ],
  "dark_masses_MeV": [
    976.7557864693302,
    1073.6593393421442,
    1263.741246458863,
    1978.4587241463646,
    2329.170036076054,
    2464.3671667225044,
    2764.450886039661,
    2857.8021787473936,
    2896.4228961215695,
    2988.102644074699,
    3004.2641565786207,
    3067.2142714150777,
    3083.9156910335264,
    3156.881577845077,
    3176.5483093723974,
    3257.8350297256484,
    3267.889778841129,
    3270.1025579902102,
    3307.2576880203032,
    3332.5388522222734,
    3360.406149638471,
    3363.567559908609,
    3458.194596722692,
    3536.142873150215,
    3545.8226087616426,
    3597.5638052701756,
    3625.741296942079,
    3717.3556060280393,
    3857.891418315351,
    3889.571973651561,
    3924.3336536622082,
    4060.497370617282,
    4139.781974201149,
    4197.365936542018,
    4319.227408406151,
    4389.605883696645,
    4429.810855116894,
    4488.261369052267,
    4531.185219278034,
    4591.314660237002,
    4653.787051460002,
    4745.228893025901,
    4786.3397661770605,
    4831.182944882162,
    4837.368054116196,
    4948.5784713344965,
    4984.58132937571,
    5010.501304957002,
    5020.152098371771,
    5047.3964594537365,
    5068.171215533161,
    5096.354142157296,
    5128.3268742463515,
    5179.901240641902,
    5222.066288287377,
    5223.716621517477,
    5246.914543053314,
    5251.630472395587,
    5286.682688932994,
    5322.533278320699
  ],
  "dark_confinement_MeV": 976.7557864693302,
  "vacuum_composition": {
    "\u03c7\u2081": 0.0015469994339729106,
    "\u03c7\u2083": 0.22510631353865496,
    "\u03c7\u2083'": 0.2251063135386548,
    "\u03c7\u2084": 0.5482403734887182
  },
  "chi4_vacuum_fraction": 0.5482403734887182,
  "dark_self_coupling_N444": 1.0,
  "dark_annihilation_cross_coupling": 7.0,
  "masses_full": [
    {
      "level": 1,
      "eigenvalue": 9.614550156215285e+23,
      "gap": 2.9420355014136454,
      "mass_MeV": 976.7557864693302
    },
    {
      "level": 2,
      "eigenvalue": 7.180718308462852e+23,
      "gap": 3.2339136727173017,
      "mass_MeV": 1073.6593393421442
    },
    {
      "level": 3,
      "eigenvalue": 4.050594077680531e+23,
      "gap": 3.806449537526696,
      "mass_MeV": 1263.741246458863
    },
    {
      "level": 4,
      "eigenvalue": 4.7052794342687315e+22,
      "gap": 5.9592130245372426,
      "mass_MeV": 1978.4587241463646
    },
    {
      "level": 5,
      "eigenvalue": 1.6361170611803722e+22,
      "gap": 7.01557239781944,
      "mass_MeV": 2329.170036076054
    },
    {
      "level": 6,
      "eigenvalue": 1.0888319496964694e+22,
      "gap": 7.422792670850916,
      "mass_MeV": 2464.3671667225044
    },
    {
      "level": 7,
      "eigenvalue": 4.4097763964603067e+21,
      "gap": 8.326659295300184,
      "mass_MeV": 2764.450886039661
    },
    {
      "level": 8,
      "eigenvalue": 3.3289115607527184e+21,
      "gap": 8.607837887793353,
      "mass_MeV": 2857.8021787473936
    },
    {
      "level": 9,
      "eigenvalue": 2.963342724452312e+21,
      "gap": 8.724165349763764,
      "mass_MeV": 2896.4228961215695
    },
    {
      "level": 10,
      "eigenvalue": 2.2482994058608312e+21,
      "gap": 9.000309168899696,
      "mass_MeV": 2988.102644074699
    },
    {
      "level": 11,
      "eigenvalue": 2.1414750264439483e+21,
      "gap": 9.04898842342958,
      "mass_MeV": 3004.2641565786207
    },
    {
      "level": 12,
      "eigenvalue": 1.7716052857511553e+21,
      "gap": 9.238597203057463,
      "mass_MeV": 3067.2142714150777
    },
    {
      "level": 13,
      "eigenvalue": 1.6846883578821597e+21,
      "gap": 9.288902683835923,
      "mass_MeV": 3083.9156910335264
    },
    {
      "level": 14,
      "eigenvalue": 1.3522959186095036e+21,
      "gap": 9.508679451340594,
      "mass_MeV": 3156.881577845077
    },
    {
      "level": 15,
      "eigenvalue": 1.2745162377352805e+21,
      "gap": 9.567916594495173,
      "mass_MeV": 3176.5483093723974
    },
    {
      "level": 16,
      "eigenvalue": 9.977297470227669e+20,
      "gap": 9.81275611363147,
      "mass_MeV": 3257.8350297256484
    },
    {
      "level": 17,
      "eigenvalue": 9.679660904843088e+20,
      "gap": 9.843041502533522,
      "mass_MeV": 3267.889778841129
    },
    {
      "level": 18,
      "eigenvalue": 9.615360508739172e+20,
      "gap": 9.849706499970512,
      "mass_MeV": 3270.1025579902102
    },
    {
      "level": 19,
      "eigenvalue": 8.597305416384979e+20,
      "gap": 9.96161954222983,
      "mass_MeV": 3307.2576880203032
    },
    {
      "level": 20,
      "eigenvalue": 7.966942121096569e+20,