{
  "T_max": 1.8895155437367153e+27,
  "single_edge_entropies": {},
  "multi_edge_entropies": {
    "1|4": {
      "S_nats": 0.014572161505529415,
      "S_bits": 0.02102318513906034,
      "schmidt_rank": 5
    },
    "2|3": {
      "S_nats": 0.010042448205764304,
      "S_bits": 0.01448819022484043,
      "schmidt_rank": 25
    },
    "3|2": {
      "S_nats": 0.01565712256246566,
      "S_bits": 0.022588453075459907,
      "schmidt_rank": 25
    },
    "4|1": {
      "S_nats": 0.014526552135736117,
      "S_bits": 0.020957384727441478,
      "schmidt_rank": 5
    }
  }
}