{
  "source_file": ".\\dark1024_progress.json",
  "matrix_size": 1024,
  "n_irreps": 4,
  "T_max": 1.8223792138897483e+25,
  "entropies": {
    "1|4": {
      "S_nats": 0.021852925045043752,
      "S_bits": 0.03152710659140285,
      "S_over_Smax": 0.015763553295701425,
      "schmidt_rank": 4
    },
    "2|3": {
      "S_nats": 0.014853684132236238,
      "S_bits": 0.02142933643650831,
      "S_over_Smax": 0.005357334109127077,
      "schmidt_rank": 16
    },
    "3|2": {
      "S_nats": 0.022987032254249536,
      "S_bits": 0.03316327743796046,
      "S_over_Smax": 0.008290819359490114,
      "schmidt_rank": 16
    },
    "4|1": {
      "S_nats": 0.02107300879097632,
      "S_bits": 0.03040192527935107,
      "S_over_Smax": 0.015200962639675535,
      "schmidt_rank": 4
    }
  },
  "S_1_vs_rest": 0.021852925045043752,
  "two_alpha": 0.014594705119777979,
  "ratio_S_over_2alpha": 1.4973187101553573,
  "two_alpha_screened": 0.01457224158268097,
  "ratio_S_over_2alpha_screened": 1.4996268707908216
}