{
  "source_file": ".\\qcd1024_progress.json",
  "matrix_size": 1024,
  "n_irreps": 4,
  "T_max": 4.1199130832967276e+26,
  "entropies": {
    "1|4": {
      "S_nats": 0.009303239538247497,
      "S_bits": 0.013421737546031794,
      "S_over_Smax": 0.006710868773015897,
      "schmidt_rank": 4
    },
    "2|3": {
      "S_nats": 0.006510893096465679,
      "S_bits": 0.009393233182029224,
      "S_over_Smax": 0.002348308295507306,
      "schmidt_rank": 16
    },
    "3|2": {
      "S_nats": 0.009889641933856145,
      "S_bits": 0.014267737374141798,
      "S_over_Smax": 0.0035669343435354496,
      "schmidt_rank": 16
    },
    "4|1": {
      "S_nats": 0.009101239187198476,
      "S_bits": 0.013130312641315542,
      "S_over_Smax": 0.006565156320657771,
      "schmidt_rank": 4
    }
  },
  "S_1_vs_rest": 0.009303239538247497,
  "two_alpha": 0.014594705119777979,
  "ratio_S_over_2alpha": 0.6374393632414151,
  "two_alpha_screened": 0.01457224158268097,
  "ratio_S_over_2alpha_screened": 0.6384219946850418
}