{
  "A5": {
    "order": 60,
    "n_irreps": 5,
    "n_configs": 3125,
    "T_max": 2242.1478839201354,
    "gap": 0.2231435513142072,
    "mass": 74.08365903631679,
    "top5_evals": [
      2242.1478839201354,
      1793.7183071361128,
      1793.7183071361105,
      1793.718307136109,
      1793.7183071361078
    ]
  },
  "A4_real": {
    "order": 12,
    "n_irreps": 3,
    "n_configs": 243,
    "T_max": 867.3753438099448,
    "gap": 0.3208820724517807,
    "mass": 106.53284805399119,
    "top5_evals": [
      867.3753438099448,
      629.2884478035179,
      629.2884478035179,
      629.2884478035178,
      629.2884478035178
    ]
  },
  "Z3": {
    "order": 3,
    "n_irreps": 2,
    "n_configs": 32,
    "T_max": 867.3753438099448,
    "gap": 1.4194943611198905,
    "mass": 471.2721278918036,
    "top5_evals": [
      867.3753438099448,
      209.76281593450597,
      209.76281593450597,
      209.76281593450597,
      209.76281593450594
    ]
  },
  "Z2": {
    "order": 2,
    "n_irreps": 2,
    "n_configs": 32,
    "T_max": 0.717487322854443,
    "gap": 0.0,
    "mass": 0.0,
    "top5_evals": [
      0.717487322854443,
      0.717487322854443,
      0.717487322854443,
      0.717487322854443,
      0.717487322854443
    ]
  }
}