{
  "group": "Z3",
  "order": 3,
  "n_irreps": 2,
  "n_configs": 32,
  "dims": [
    1,
    2
  ],
  "T_max": 1218272383541583.5,
  "eigenvalues": [
    1218272383541583.5,
    68459612566760.234,
    5405478383093.32,
    542317928181.74036,
    284718936218.8979,
    119602343965.73422,
    33425772518.75192,
    26867945356.694077,
    2274634930.924617,
    1720175956.8251429,
    329586003.90412676,
    30451746.34460637,
    1192456.1413501601,
    204946.3558769606,
    0.03854982956750086,
    0.02150989636752732,
    0.0009468774248332665,
    -0.000497869415311515,
    -0.0023179228477858537,
    -0.0026005399692545683,
    -2005383.7452693635,
    -54077844.90370259,
    -206257161.36454207,
    -2328027420.793757,
    -12520509173.575071,
    -25509803915.952446,
    -56889255844.38861,
    -105029088250.43001,
    -605598008519.5607,
    -7614485950793.805,
    -18171866421563.35,
    -62632214267574.15
  ],
  "mass_gap": 2.878945081253876
}