{
  "group": "Z2",
  "order": 2,
  "n_irreps": 2,
  "n_configs": 32,
  "dims": [
    1,
    1
  ],
  "T_max": 64.00000000000004,
  "eigenvalues": [
    64.00000000000004,
    32.00000000000002,
    1.6604176725116608e-14,
    1.552918625666092e-14,
    3.0568328645079743e-15,
    1.7604857051236148e-15,
    1.4514503856811176e-15,
    1.0262615384163163e-15,
    3.9450690542050205e-16,
    2.1522850261676253e-16,
    2.0796985269303854e-16,
    2.0673589202162268e-16,
    1.183015785317589e-16,
    8.066516032638968e-17,
    3.991896039129668e-17,
    1.9710097480028555e-17,
    -6.820723835865089e-18,
    -1.4308778236562823e-17,
    -1.698067726008384e-17,
    -4.586968934484488e-17,
    -6.381679490157991e-17,
    -2.2560175346777686e-16,
    -2.385097116052954e-16,
    -3.0273132652242123e-16,
    -4.604336942547784e-16,
    -5.16145411464835e-16,
    -5.963864482006795e-16,
    -9.087762884788928e-16,
    -1.4880917009123827e-15,
    -3.2721269784491933e-15,
    -2.1434332123894325e-14,
    -31.999999999999986
  ],
  "mass_gap": 0.6931471805599453
}