{
  "group": "A4",
  "order": 12,
  "n_irreps": 3,
  "n_configs": 243,
  "dims": [
    1,
    2,
    3
  ],
  "T_max": 2.9347418855474733e+19,
  "eigenvalues": [
    2.9347418855474733e+19,
    2.9580216117360594e+18,
    1.3353576319213714e+17,
    4.333741737535743e+16,
    2.2464307551152196e+16,
    9925945573325180.0,
    5589589663277546.0,
    2317232158702236.5,
    2262313935059615.5,
    1210780658077898.5,
    1094423149986950.2,
    824086456932979.0,
    279290711132395.72,
    200532166494732.2,
    144259522803564.44,
    120944654228890.3,
    88145312216090.34,
    83931985156292.42,
    60575738598219.14,
    45642325788886.25,
    31838401189468.727,
    22135068881717.562,
    15717718324727.695,
    12367959960295.205,
    10216663955965.99,
    8796547467210.307,
    8205892118265.093,
    6249910538653.259,
    4551248440928.108,
    3666554885043.628,
    2812980769171.074,
    2350130681335.431,
    1430490986058.0483,
    1209915882047.6387,
    1082124734636.8354,
    918013607828.8679,
    750772564702.714,
    562783538038.6348,
    489574193169.9733,
    383521114424.39246,
    321775828720.8359,
    291988148638.40894,
    189272929060.76523,
    170295510786.84927,
    161191993205.94885,
    133298234658.44228,
    94098976764.84808,
    71595191106.6288,
    62763741810.81243,
    49957899762.25529
  ],
  "mass_gap": 2.2946839283507106
}