{
  "eigenvalues": [
    2.86072194282492e+23,
    4.462038840588459e+22,
    2.7084024993446583e+22,
    1.4450975002579719e+22,
    9.600119303969714e+21,
    7.523768179680215e+21,
    6.448368761076941e+21,
    5.596734376848543e+21,
    5.149163701622006e+21,
    4.597918537255996e+21,
    4.3568541242886686e+21,
    3.9272033644318813e+21,
    3.6328835660705956e+21,
    2.9114897533766903e+21,
    2.563284680855386e+21,
    2.1234452321110453e+21,
    2.0228763453898325e+21,
    -1.1205547658374497e+21,
    -3.125757153420162e+21,
    -3.2850697001269634e+21,
    -3.3307506699960666e+21,
    -4.3536467328748513e+21,
    -4.3773432637984153e+21,
    -4.845340865237973e+21,
    -5.135124892145792e+21,
    -5.198226345171952e+21,
    -5.688977606197956e+21,
    -7.180057539711638e+21,
    -8.069088307930546e+21,
    -1.5017331106483112e+22,
    -2.4544325015338515e+22,
    -4.653775134221089e+22
  ],
  "masses_MeV": [
    [
      1.8580533128113905,
      616.8736998533817
    ],
    [
      2.3573001360913284,
      782.6236451823211
    ],
    [
      2.9854823200174088,
      991.1801302457798
    ],
    [
      3.394468680633122,
      1126.9636019701966
    ],
    [
      3.6381771063438855,
      1207.87479930617
    ],
    [
      3.792417012964173,
      1259.0824483041056
    ],
    [
      3.9340609258731027,
      1306.10822738987
    ],
    [
      4.017409893071819,
      1333.780084499844
    ],
    [
      4.130640497337711,
      1371.37264511612
    ],
    [
      4.184493940720909,
      1389.2519883193418
    ],
    [
      4.28831664606529,
      1423.7211264936764
    ],
    [
      4.366217502776941,
      1449.5842109219443
    ],
    [
      4.587579313599983,
      1523.0763321151944
    ],
    [
      4.714954692017667,
      1565.3649577498654
    ],
    [
      4.903204327417809,
      1627.8638367027127
    ],
    [
      4.951723774583873,
      1643.9722931618458
    ]
  ],
  "f_pi_MeV": 212.78001216965706,
  "a_e_HVP": 4.17861486206762e-05,
  "a_mu_HVP": 1.7865359384657689,
  "sum_HVP": 248426.1573753558,
  "computation_time_seconds": 1779.0591220855713,
  "T_matrix_diagonal": [
    5.945092843111868e+21,
    5.388258597909755e+21,
    1.1431656467592232e+22,
    5.421271781446722e+21,
    1.1431656467592232e+22,
    1.0360532814899463e+22,
    1.1671737394707906e+22,
    5.534840083575922e+21,
    8.279238799365797e+21,
    7.503781313467682e+21,
    1.5919850475168566e+22,
    7.549723004894787e+21,
    1.143165669032863e+22,
    1.0360532814899463e+22,
    1.1671578845541321e+22,
    5.534765257946675e+21,
    5.534765257946675e+21,
    1.167157884554132e+22,
    1.0360532814899463e+22,
    1.143165669032863e+22,
    7.549723004894787e+21,
    1.5919850475168568e+22,
    7.503781313467682e+21,
    8.279238799365797e+21,
    5.534840083575922e+21,
    1.1671737394707906e+22,
    1.0360532814899463e+22,
    1.1431656467592232e+22,
    5.421271781446722e+21,
    1.1431656467592232e+22,
    5.388258597909755e+21,
    5.945092843111869e+21
  ]
}