{
  "mode": "custom",
  "n_irreps": 5,
  "n_configs": 125,
  "sector": [
    1,
    2,
    6,
    7,
    8
  ],
  "T_max": 2.0707628513592497e+48,
  "eigenvalues": [
    2.0707628513592497e+48,
    4.650408736889934e+46,
    5.789808893345261e+41,
    3.0883353515004926e+41,
    1.1047826016245804e+40,
    7.630797574664097e+39,
    1.499478872904849e+39,
    1.1055259957149084e+39,
    1.031295123194052e+38,
    1.2718145539185849e+37,
    2.008196419537607e+35,
    5.930776550484855e+34,
    2.6442066180109252e+34,
    5.0115711456901497e+33,
    4.443667700802007e+33,
    3.230800552979015e+32,
    1.8896801581627993e+32,
    1.5711918370098923e+32,
    1.5535352368096692e+32,
    1.0061606114997937e+32,
    9.378677904261642e+31,
    8.46460859381565e+31,
    7.802264201654009e+31,
    5.5618801907382415e+31,
    4.953886568409686e+31,
    3.643122384762479e+31,
    3.387600490994725e+31,
    2.568541116951419e+31,
    2.186326117660297e+31,
    1.8237295212327718e+31,
    1.4565776273242593e+31,
    1.1649255916328086e+31,
    9.84008737521026e+30,
    8.288617782552933e+30,
    6.375493762540821e+30,
    5.162156543396589e+30,
    4.8801815124036506e+30,
    3.8965778088469695e+30,
    2.928737601860845e+30,
    2.4751142556093086e+30,
    2.2720809556231323e+30,
    1.2516448839548516e+30,
    1.2368345103111996e+30,
    1.1180380621562338e+30,
    1.0158033164385488e+30,
    6.886093297645665e+29,
    5.3553654096930366e+29,
    4.9177782309514344e+29,
    3.837929541613346e+29,
    1.7536940884884177e+29,
    1.5650172289196887e+29,
    1.1093344326505609e+29,
    8.654850225822129e+28,
    3.7294617567429646e+28,
    2.0209786682135144e+28,
    7.240058066852146e+27,
    4.638582443802786e+27,
    2.043417173835362e+27,
    1.174146119840437e+26,
    -3.885026873637099e+28,
    -4.662341316507386e+28,
    -5.3132784731584395e+28,
    -6.20945076306488e+28,
    -1.6400875722188608e+29,
    -2.8507657478578328e+29,
    -2.968213968284213e+29,
    -3.0606804275325034e+29,
    -3.756748437599496e+29,
    -5.986337815319816e+29,
    -6.802158339330371e+29,
    -8.763756222215632e+29,
    -9.859839231789046e+29,
    -1.1308779633753431e+30,
    -1.3645634095326043e+30,
    -2.3226349339193274e+30,
    -2.864867741191528e+30,
    -4.037571464954936e+30,
    -4.3132124944140127e+30,
    -4.338056156050706e+30,
    -4.3968876712019553e+30,
    -4.6204259833120795e+30,
    -5.031443783307567e+30,
    -6.447867068888918e+30,
    -6.81092373959518e+30,
    -7.778573339439991e+30,
    -7.824467169434814e+30,
    -1.1215860230701968e+31,
    -1.2172622328253337e+31,
    -1.432255087803152e+31,
    -2.1282831278110247e+31,
    -2.1876016347437554e+31,
    -3.150718802940522e+31,
    -4.0337853893946643e+31,
    -4.1303655965248825e+31,
    -4.704915612555886e+31,
    -5.295185646211546e+31,
    -5.629303465450229e+31,
    -7.1071322161824585e+31,
    -7.421941793635146e+31,
    -9.07776880809537e+31
  ],
  "mass_gap": 3.7961321364598923,
  "dims_sum_sq": 85.0
}