{
  "mode": "lepton",
  "n_irreps": 5,
  "n_configs": 125,
  "sector": [
    0,
    1,
    2,
    3,
    4
  ],
  "T_max": 1.3095628300854365e+27,
  "eigenvalues": [
    1.3095628300854365e+27,
    8.369912747241793e+25,
    4.084505964537572e+24,
    1.1166474845380094e+24,
    4.359855366285865e+23,
    4.332555645632596e+23,
    8.914163093457104e+22,
    3.413905384878385e+22,
    2.0051611097163406e+22,
    1.824436219995843e+22,
    1.5257839256884356e+22,
    5.857575956802945e+21,
    5.04229916892496e+21,
    4.0430303521706313e+21,
    3.123297348760568e+21,
    2.0295583827839376e+21,
    1.7810211456683637e+21,
    1.5029865542098936e+21,
    1.2282080200921019e+21,
    8.691591036802935e+20,
    8.117054871331836e+20,
    7.657280616023556e+20,
    5.352242210912019e+20,
    4.167616065502427e+20,
    2.209365972217428e+20,
    2.2090017987439644e+20,
    1.660711205208562e+20,
    1.0431045476861028e+20,
    1.0021047648736241e+20,
    6.86154028388599e+19,
    6.366173432188697e+19,
    5.1301555736148255e+19,
    4.97000454549322e+19,
    3.9162375879238074e+19,
    3.4234288909400244e+19,
    2.4210363874968404e+19,
    2.362797741252015e+19,
    2.2284535356108485e+19,
    1.7132933227550124e+19,
    1.6806449336360071e+19,
    1.3505556764417681e+19,
    1.1188033115538506e+19,
    1.0133085812701913e+19,
    9.54193261564002e+18,
    6.831674920810671e+18,
    6.041503067066643e+18,
    4.231888872453815e+18,
    3.531222214073997e+18,
    3.258595965385718e+18,
    2.1948143697776215e+18,
    1.539670730185957e+18,
    1.4210271185494932e+18,
    1.1818216977203584e+18,
    1.0988237185615172e+18,
    8.505207920181585e+17,
    3.88983741446036e+17,
    3.4596022973503763e+17,
    2.974155142155628e+17,
    1.4138983880618592e+17,
    8.49583900181022e+16,
    4.868038251424485e+16,
    3.827211155470499e+16,
    1.993524585842089e+16,
    1.5482097777636652e+16,
    7546958254101070.0,
    4958971177.73692,
    124936012.35747463,
    -217465544.08989602,
    -2668066018950406.5,
    -8366495545298884.0,
    -2.8499871505710612e+16,
    -1.113574394280919e+17,
    -3.6794960475392166e+17,
    -5.310525748458676e+17,
    -6.701470598402966e+17,
    -7.511898776851992e+17,
    -9.118083563449148e+17,
    -1.1006595617748598e+18,
    -1.2446079877210496e+18,
    -1.4437291471087e+18,
    -1.648193972195778e+18,
    -1.8244616387155533e+18,
    -1.9835424156848888e+18,
    -2.4185914985531136e+18,
    -3.793680325477941e+18,
    -6.249270397646746e+18,
    -7.133733186867709e+18,
    -7.307009072970014e+18,
    -8.452373401926778e+18,
    -8.688525566528735e+18,
    -1.1209255719550048e+19,
    -1.3991851498160837e+19,
    -2.404842251449438e+19,
    -2.7524549047530983e+19,
    -3.14607482062392e+19,
    -3.740763874004198e+19,
    -4.4384355987928556e+19,
    -5.6057013594980925e+19,
    -1.0606072774422063e+20,
    -1.4101298279789946e+20
  ],
  "mass_gap": 2.750220090029342,
  "dims_sum_sq": 27.0
}