{
  "mode": "bosonic",
  "n_irreps": 5,
  "n_configs": 125,
  "sector": [
    0,
    3,
    4,
    5,
    7
  ],
  "T_max": 1.0366702838467898e+45,
  "eigenvalues": [
    1.0366702838467898e+45,
    4.0984081182374345e+37,
    3.1421303437908976e+37,
    8.450130591587098e+36,
    4.8312299598966315e+36,
    3.950270957840137e+32,
    3.060940316323359e+31,
    1.5260273919181244e+31,
    9.170103725458793e+30,
    8.467162830929885e+30,
    3.216834101673168e+30,
    3.137930249363729e+30,
    1.5692018350020467e+30,
    9.659350730949819e+29,
    9.347798645556205e+29,
    6.377709305717803e+29,
    5.366418194435113e+29,
    1.820191151695397e+29,
    1.3837219104025666e+29,
    1.3678748496575114e+29,
    1.2244393186788309e+29,
    1.185752400949459e+29,
    6.707010465928332e+28,
    6.202389783256893e+28,
    5.9826716133860744e+28,
    4.803212144697765e+28,
    3.2650494308108307e+28,
    3.1013463873764386e+28,
    2.7894092598459474e+28,
    2.3235848547101783e+28,
    2.0764034907676986e+28,
    1.9232658197314501e+28,
    1.685355772432307e+28,
    1.6289375417506396e+28,
    1.5167735724955177e+28,
    1.3645019079965045e+28,
    1.314892249817553e+28,
    1.1852309749215827e+28,
    9.981683815771053e+27,
    8.36012304799603e+27,
    6.027750124712893e+27,
    5.51614930671337e+27,
    4.5182080291408283e+27,
    4.162881510214841e+27,
    3.879502439792113e+27,
    3.5109231317659715e+27,
    3.1647650659159423e+27,
    2.7948428258926454e+27,
    2.635997344901601e+27,
    2.2122808048927046e+27,
    1.6992321163998308e+27,
    1.246022313323885e+27,
    6.190070283653555e+26,
    5.944665887853011e+26,
    4.8289553639790155e+26,
    3.0215625154102924e+26,
    2.8552370487381237e+26,
    1.3122830600294962e+26,
    9.324846942443851e+25,
    1.4669724082034002e+25,
    -4.641919184769713e+25,
    -1.6537981021313462e+26,
    -2.1174844196308235e+26,
    -3.0594276502068064e+26,
    -3.278712061822664e+26,
    -5.325097673927891e+26,
    -6.85851915690008e+26,
    -8.705372913134511e+26,
    -1.0754844295792307e+27,
    -1.545186351050957e+27,
    -1.588011645209373e+27,
    -2.0899527666834306e+27,
    -2.5324210714868995e+27,
    -2.7496963792934837e+27,
    -3.1591417955869235e+27,
    -4.472535392484421e+27,
    -5.569872146878883e+27,
    -6.125835156973019e+27,
    -6.964855986383397e+27,
    -7.524106267295703e+27,
    -9.165107778114636e+27,
    -1.0282355199313335e+28,
    -1.0506450148877345e+28,
    -1.0621690552692977e+28,
    -1.308357970723943e+28,
    -1.4299412766614265e+28,
    -1.479833015484412e+28,
    -1.6502468643354103e+28,
    -1.6729516701729193e+28,
    -1.895474949584073e+28,
    -2.2388688745515656e+28,
    -2.434078946776735e+28,
    -2.5916206617402913e+28,
    -2.6263242272945138e+28,
    -2.8991061251270514e+28,
    -3.429665381529938e+28,
    -3.7015942826837352e+28,
    -4.329564323047181e+28,
    -4.791181688150196e+28,
    -5.96718449439198e+28
  ],
  "mass_gap": 17.046096036238776,
  "dims_sum_sq": 60.0
}