{
  "geometry": "icosahedron",
  "n_vertices": 12,
  "n_edges": 30,
  "n_faces": 20,
  "face_A": [
    0,
    1,
    2
  ],
  "face_B": [
    3,
    7,
    11
  ],
  "n_configs": 8,
  "T_max": 4.332659462640287e+21,
  "eigenvalues": [
    4.332659462640287e+21,
    1.9487134186374592e+18,
    6582723941395010.0,
    377911880763685.6,
    55302855719667.2,
    -64770150462608.945,
    -1.4044605810578736e+16,
    -4.3740150829840966e+17
  ],
  "max_open_edges": 12
}