{
  "sector": [
    0,
    1,
    2
  ],
  "n_configs": 27,
  "T_max": 7.34757639916226e+26,
  "eigenvalues": [
    7.34757639916226e+26,
    1.72084602362528e+24,
    5.958983562890924e+23,
    1.5909661158999622e+23,
    5.42549883178336e+21,
    1.7959134437451954e+21,
    1.0830613900760061e+21,
    5.778378316070055e+20,
    3.5075372878180614e+20,
    2.2900695573354503e+20,
    1.583229533389678e+20,
    8.411200767684864e+18,
    2.715514954742443e+18,
    2.5977321646396273e+18,
    3.054906724260499e+17,
    5.4930818605042856e+16,
    2.7543592397261588e+16,
    -1.3814720102924699e+17,
    -1.3015827574921065e+18,
    -4.13231364270391e+18,
    -2.5674741657175183e+19,
    -4.298580293990727e+19,
    -3.2845618296400065e+20,
    -4.112771332237939e+20,
    -4.424071207031106e+22,
    -2.0820400958059065e+23,
    -2.6271966368737674e+23
  ],
  "mass_gap": 6.056724659129896
}