{
  "mode": "custom",
  "n_irreps": 6,
  "n_configs": 216,
  "sector": [
    0,
    1,
    2,
    3,
    4,
    7
  ],
  "T_max": 2.999778490680751e+41,
  "eigenvalues": [
    2.999778490680751e+41,
    1.2583961071323764e+38,
    8.561250991776816e+36,
    7.396099009143748e+36,
    6.805813413999737e+36,
    3.9450858354564936e+36,
    3.8724371567824515e+36,
    2.1552901732631287e+36,
    1.5172829703179467e+36,
    8.469831636133999e+35,
    7.959249763018777e+35,
    7.614432230428088e+35,
    6.910632360124191e+35,
    5.207830963167199e+35,
    3.400307000755102e+35,
    2.173442343870225e+35,
    8.916727344763153e+34,
    5.317725430387828e+34,
    4.684193781917231e+34,
    4.356790546700093e+34,
    2.99707869734249e+34,
    2.1415181762515335e+34,
    1.893559084298627e+34,
    1.8477255123959167e+34,
    1.7245800322700779e+34,
    1.260477021015193e+34,
    1.0699909748097656e+34,
    1.0138703369671108e+34,
    7.722365806732507e+33,
    6.566034980336269e+33,
    5.946883648230515e+33,
    5.356433779324438e+33,
    4.281878760525831e+33,
    3.760872704174172e+33,
    3.072777030359778e+33,
    2.5024573721543443e+33,
    2.3506301489654608e+33,
    1.97461488791437e+33,
    1.8529204934197418e+33,
    1.6683829953768024e+33,
    1.531081866848314e+33,
    1.0752579728853068e+33,
    9.7767603013298e+32,
    5.701504280533699e+32,
    4.1013767692358135e+32,
    3.0435770983209686e+32,
    2.557696280036499e+32,
    1.944473663163688e+32,
    1.9420665903815978e+32,
    1.7511640051412243e+32,
    1.7060876406439142e+32,
    1.6228896250732735e+32,
    1.372378758128396e+32,
    1.125473427758444e+32,
    1.0609657673984615e+32,
    9.70016365290908e+31,
    8.735619265540682e+31,
    8.243371122220368e+31,
    7.915037684184026e+31,
    7.735205294099055e+31,
    7.335037525788719e+31,
    6.948158649916304e+31,
    6.469051168974237e+31,
    5.834633985526158e+31,
    5.208260869041834e+31,
    4.900676785152146e+31,
    4.147158082654497e+31,
    3.8587824618113058e+31,
    3.2248256259996277e+31,
    2.692924106037919e+31,
    2.666891479514152e+31,
    2.581812663688532e+31,
    2.38001321584636e+31,
    2.219802896357905e+31,
    1.865100506893935e+31,
    1.7814074115264964e+31,
    1.7061804546325213e+31,
    1.54354517493509e+31,
    1.045904183842425e+31,
    9.864881829733367e+30,
    8.07799484077162e+30,
    7.443342510872379e+30,
    5.241983756971795e+30,
    4.131324294529685e+30,
    3.574236697698299e+30,
    2.782429833169188e+30,
    1.9902952866468593e+30,
    9.035687501017535e+29,
    6.974483459794181e+29,
    5.25554227204571e+29,
    4.802718294921785e+29,
    4.244404646292929e+29,
    2.4422933336447302e+29,
    2.248481280902911e+29,
    2.2326479545981247e+29,
    1.7476063837309983e+29,
    1.1595951721466447e+29,
    9.098871145147658e+28,
    6.736544882501484e+28,
    4.939602597580532e+28
  ],
  "mass_gap": 7.7764557492330475,
  "dims_sum_sq": 52.0
}