{
  "sector": [
    0,
    1,
    2,
    4
  ],
  "n_configs": 64,
  "T_max": 2.972626072618213e+41,
  "eigenvalues": [
    2.972626072618213e+41,
    5.139859128486551e+35,
    5.118550423839864e+34,
    4.791451530733461e+34,
    5.45064556197694e+32,
    1.1760897077729506e+30,
    8.683479007273391e+29,
    8.418159270786719e+29,
    5.727616769365552e+29,
    3.200094390952719e+29,
    3.0268523147406345e+29,
    6.262275732580407e+28,
    1.4762430963565315e+28,
    1.184727798687744e+28,
    1.6102871054407442e+27,
    1.0131989189309243e+27,
    8.472154107174109e+26,
    7.164387048017039e+25,
    4.883011095419506e+25,
    3.943666008290567e+25,
    2.0289342219551377e+25,
    1.3108151443839971e+25,
    8.106823763349228e+24,
    5.763134834598501e+24,
    3.6476613495626455e+24,
    3.6464303733282926e+24,
    1.7133298875274943e+24,
    1.435190562487288e+24,
    7.915878319802441e+23,
    5.689867876299694e+23,
    5.094705519740503e+23,
    3.857318519924491e+23,
    7.1020421029205e+22,
    2.428332885524178e+22,
    -1.0822100160532632e+23,
    -3.829095957509863e+23,
    -6.819675477286274e+23,
    -9.762691150890909e+23,
    -9.911920258091136e+23,
    -1.2587894889110702e+24,
    -1.87183175785748e+24,
    -2.8994746368456437e+24,
    -3.0072440768259687e+24,
    -4.788138983761314e+24,
    -5.4467967647921e+24,
    -5.901670333417405e+24,
    -7.26481129366066e+24,
    -7.880345914901597e+24,
    -1.6012940513014412e+25,
    -2.960265825937117e+25
  ],
  "mass_gap": 13.26793064745723
}