{
  "T_total_eigenvalues": [
    3.8196601125010505,
    3.819660112501053,
    3.819660112501062
  ],
  "T_total": [
    [
      3.819660112501053,
      6.464663093854139e-17,
      -2.4980018054066022e-15
    ],
    [
      6.464663093854139e-17,
      3.819660112501052,
      -2.9660867729825496e-15
    ],
    [
      -2.4980018054066022e-15,
      -2.9660867729825496e-15,
      3.819660112501057
    ]
  ],
  "angles_deg": [
    0.0,
    5.0,
    10.0,
    15.0,
    20.0,
    25.0,
    30.0,
    35.0,
    40.0,
    45.0,
    50.0,
    55.0,
    60.0,
    65.0,
    70.0,
    75.0,
    80.0,
    85.0,
    90.0,
    95.0,
    100.0,
    105.0,
    110.0,
    115.0,
    120.0,
    125.0,
    130.0,
    135.0,
    140.0,
    145.0,
    150.0,
    155.0,
    160.0,
    165.0,
    170.0,
    175.0,
    180.0
  ],
  "framework_norm": [
    2.000000000000001,
    1.9924038765061047,
    1.9698463103929549,
    1.9330127018922203,
    1.88302222155949,
    1.8213938048432705,
    1.750000000000001,
    1.6710100716628355,
    1.5868240888334664,
    1.500000000000001,
    1.4131759111665358,
    1.3289899283371664,
    1.2500000000000009,
    1.1786061951567308,
    1.1169777784405115,
    1.066987298107781,
    1.0301536896070462,
    1.007596123493896,
    1.0,
    1.007596123493896,
    1.0301536896070456,
    1.0669872981077804,
    1.1169777784405108,
    1.17860619515673,
    1.2499999999999993,
    1.3289899283371653,
    1.4131759111665345,
    1.4999999999999998,
    1.5868240888334646,
    1.6710100716628344,
    1.7500000000000002,
    1.8213938048432696,
    1.8830222215594892,
    1.9330127018922194,
    1.9698463103929544,
    1.9924038765061047,
    2.000000000000001
  ],
  "thomson_norm": [
    2.0,
    1.992403876506104,
    1.969846310392954,
    1.9330127018922194,
    1.883022221559489,
    1.8213938048432696,
    1.75,
    1.6710100716628342,
    1.586824088833465,
    1.5,
    1.413175911166535,
    1.3289899283371656,
    1.25,
    1.1786061951567304,
    1.116977778440511,
    1.0669872981077806,
    1.0301536896070458,
    1.007596123493896,
    1.0,
    1.007596123493896,
    1.0301536896070458,
    1.0669872981077808,
    1.116977778440511,
    1.1786061951567302,
    1.2499999999999998,
    1.3289899283371658,
    1.413175911166535,
    1.5,
    1.586824088833465,
    1.6710100716628347,
    1.75,
    1.8213938048432696,
    1.883022221559489,
    1.9330127018922192,
    1.969846310392954,
    1.992403876506104,
    2.0
  ],
  "rms_deviation": 6.740879332029359e-16,
  "laplacian_eigenvalues": [
    1.1276549373844023e-15,
    0.7639320225002082,
    0.763932022500211,
    0.7639320225002123,
    1.999999999999996,
    1.9999999999999976,
    1.999999999999999,
    2.0000000000000004,
    2.0000000000000013,
    2.999999999999998,
    2.999999999999999,
    2.9999999999999996,
    3.0000000000000018,
    4.999999999999998,
    5.000000000000001,
    5.0000000000000036,
    5.000000000000005,
    5.236067977499789,
    5.236067977499789,
    5.236067977499793
  ],
  "greens_function_diagonal": 0.45666666666666667
}