{
  "sector_irreps": [
    0,
    1,
    2,
    4
  ],
  "n_configs": 1024,
  "eigenvalues": [
    4.1199130832967276e+26,
    7.357261287831138e+24,
    3.0740566845652827e+24,
    1.6544787877644407e+24,
    9.139937847686407e+23,
    1.2723780459753957e+23,
    5.813539971597936e+22,
    2.5813172485815804e+22,
    1.2875398203751465e+22,
    8.857748640817841e+21,
    7.428739494120852e+21,
    7.009056843306841e+21,
    5.635080597140337e+21,
    5.326992422318558e+21,
    5.151109556973995e+21,
    4.6917668170809087e+21,
    4.607304580765726e+21,
    4.534633586013638e+21,
    3.8023915098766474e+21,
    3.667983916215618e+21,
    3.452074886717238e+21,
    2.461194693341622e+21,
    2.4076184132801066e+21,
    2.0088390781672e+21,
    1.6794995797501653e+21,
    1.5119018920748623e+21,
    1.5075670841102723e+21,
    1.2683197276736898e+21,
    1.1206679527715006e+21,
    9.082607338905211e+20,
    6.05631260768438e+20,
    4.350805931730582e+20,
    3.357014126553339e+20,
    3.0201241170977246e+20,
    2.5034274155892536e+20,
    1.3443013330712497e+20,
    1.1906072129025248e+20,
    8.66489523591529e+19,
    7.284334887040463e+19,
    5.1732843788473836e+19,
    4.0477492598574735e+19,
    3.988017927959963e+19,
    2.64723219207886e+19,
    2.455777001506424e+19,
    2.052064137484871e+19,
    2.0427337481039622e+19,
    1.6363675620449937e+19,
    1.6134620281795805e+19,
    1.1540410113412092e+19,
    1.0857402560257956e+19,
    1.070387755789291e+19,
    8.590332523553563e+18,
    8.050164261494086e+18,
    7.135872880314824e+18,
    6.601924032792285e+18,
    6.419779491134946e+18,
    5.826949553416108e+18,
    4.963436363391579e+18,
    4.939638541776955e+18,
    4.679116726211494e+18,
    4.488766259615305e+18,
    4.0241421829532114e+18,
    3.742087789554371e+18,
    3.360039234601242e+18,
    3.3168838749838776e+18,
    3.2664731345958784e+18,
    3.1412499075014743e+18,
    2.977976937791958e+18,
    2.9411912209941745e+18,
    2.7059906882240517e+18,
    2.516730870957144e+18,
    2.300265389084909e+18,
    2.154026131385362e+18,
    2.0157876092074478e+18,
    1.9277940840842665e+18,
    1.777306700283987e+18,
    1.6082510027447035e+18,
    1.4618092293120922e+18,
    1.4060135044422612e+18,
    1.3731284313300485e+18,
    1.2599409457734385e+18,
    1.1964951134534216e+18,
    1.1602566224817948e+18,
    1.1120616352086627e+18,
    9.678476479442412e+17,
    7.915338051506483e+17,
    7.566285754409688e+17,
    6.779708544559796e+17,
    6.728119346820463e+17,
    6.246026710393115e+17,
    6.021187836807506e+17,
    5.863504807147446e+17,
    5.79258126865242e+17,
    5.4895344216607526e+17,
    5.318550646742321e+17,
    4.9904154588560115e+17,
    4.8446587471760026e+17,
    4.835480352951013e+17,
    4.204327223173928e+17,
    4.0996378287335526e+17
  ],
  "a_mu_HVP_raw": 6.476725694269301e-08,
  "a_mu_HVP_corrected": 8.831898674003592e-08
}