{
  "a_mu_A_original": 3.628573451046361e-08,
  "ratio_A_original": 0.5236036725896624,
  "a_mu_B_no_chi4": 8.443301717724315e-11,
  "ratio_B_no_chi4": 0.0012183696562372748,
  "a_mu_C_weighted": 1.8391335913046526e-08,
  "ratio_C_weighted": 0.26538724261250396,
  "source_overlaps_no_chi4": [
    -0.5470910411668871,
    -0.01740337699249548,
    0.025967241503436947,
    1.734723475976807e-17,
    0.0061265573132250895,
    0.004284797831674073,
    0.021711341966477657,
    -1.1095291352347658e-14,
    0.0029989203871118196,
    -0.005892040250499241,
    0.0065758402773919075,
    -0.027087409754684193,
    -3.7539416020138106e-15,
    -0.028990809908941605,
    -0.014337072389456681,
    1.5863612506938907e-14,
    -0.03399105884748338,
    3.946108197150355e-12,
    0.04146701120199936,
    -1.53799705176344e-11,
    1.5170452838820375e-11,
    0.022128505583097507,
    0.060558186339245645,
    -0.026972480800806296,
    1.2422875228512709e-13,
    -2.3500298929057806e-14,
    -0.10891096644860865,
    0.11295411514156563,
    1.6792123247455493e-15,
    -7.053455042260737e-13,
    -0.019152703377014055,
    0.0032223113694381973,
    4.1559811148061954e-13,
    0.0024445847481288346,
    6.854759815322353e-14,
    -0.09715382369531173,
    0.015608542178964277,
    -8.085580815997417e-13,
    -0.006520009250836137,
    0.05766025450565768,
    -0.022095472482837823,
    0.006391692212927007,
    0.007103407844292486,
    -0.006808736937532461,
    -0.01405812156842733,
    4.614529418300872e-11,
    -1.9030818587673082e-11,
    -0.07597008329838832,
    -4.791219504474142e-13,
    -9.193899114245951e-12,
    -0.0806125282938798,
    3.879515111937515e-11,
    0.3772008650021222,
    -0.05818308543999518,
    0.02143148177187933,
    -0.009276800424742935,
    -7.332232390688809e-11,
    0.1411425769933996,
    -6.502176379784286e-10,
    0.0027391963027376745,
    0.010753939516100035,
    0.01851720032446392,
    0.008700918776026561,
    0.012326647479544494,
    7.979834154570042e-11,
    -3.1998001470689985e-11,
    -0.0011322467518821641,
    5.999305219273054e-11,
    1.1259893191450931e-11,
    0.0038952929562600935,
    -0.023331037466827576,
    1.6326054397275414e-10,
    -0.0256216987421235,
    0.07785029003091722,
    -9.976669230332691e-12,
    0.08679822098740332,
    1.7374682673501618e-09,
    2.1092140187195518e-11,
    0.019209469366612067,
    7.467284538105468e-11,
    3.331755964869343e-11,
    0.00026405191934614214,
    -0.012521116774252767,
    7.009821802878013e-11,
    -3.304309950658002e-12,
    2.1685988595143701e-10,
    0.01408678724266868,
    -0.11039470588211402,
    -0.18294117633282267,
    1.3884933706270752e-09,
    -1.2904589202777927e-10,
    -0.04707562450979693,
    3.420883628452165e-11,
    -0.010529975709555404,
    0.014249302667894141,
    -0.03447946663479155,
    0.10186606657163584,
    0.001823941579518741,
    0.0662647088051553,
    -0.011027566550548774,
    -3.089294464773268e-10,
    -0.015514423230939746,
    2.1020091309914557e-10,
    -0.0024573191095910232,
    -5.350324783909288e-12,
    -0.11830429783031005,
    0.20975793373772741,
    0.17470423100397325,
    0.004659380130285398,
    -0.09204144453574453,
    0.084200539666129,
    -5.158030938132163e-10,
    -0.00047716171770190684,
    -0.006475007209618971,
    0.009008168368189184,
    2.624082002036787e-10,
    4.3179241085433695e-10,
    -2.4524623061517037e-09,
    6.239405452371227e-09,
    -1.7268456181597676e-09,
    -0.14813785891966438,
    5.587852180532343e-09,
    -0.1842623595088705,
    -6.490008096909916e-09,
    -9.313175231007165e-12,
    -0.017977619003337966,
    -2.0176232906621294e-10,
    -0.018830179761269758,
    -0.07437086351538535,
    0.11023210344461964,
    -1.6677387075503258e-09,
    2.3057213317453917e-09,
    0.06081330128548578,
    -0.0385134953440754,
    -0.09495117900358765,
    4.423018839096009e-09,
    0.18190545935496535,
    0.07148848884266878,
    3.496549846535024e-10,
    -0.018563059307690893,
    2.934083559948575e-10,
    0.051771626974284786,
    -0.028968301608743235,
    2.8540143928723616e-09,
    -0.08125562425677357,
    -0.03224212321595535,
    -0.05384442748474372,
    4.916694308632064e-10,
    -3.679249389616085e-08,
    1.0427607605514866e-08,
    -0.07819632779937397,
    5.255605153332843e-09,
    -0.04974741056533178,
    1.0583851501374392e-09,
    0.12334151197557962,
    -2.5171662801012906e-09,
    0.023594026103357632,
    -1.6227702532428667e-09,
    0.09809583771311285,
    0.050655981766168784,
    0.014407720245610565,
    -2.757108923633067e-08,
    -0.12997139298880384,
    -5.226941284658393e-08,
    -1.4546655923222684e-07,
    0.09763699591127165,
    0.04445087727051934,
    -0.07537233389450854,
    2.822884285023225e-07,
    1.0173452168749098e-06,
    0.11134961618287434,
    -0.27019257976908084,
    4.149200948967702e-08,
    -0.05894140046166754,
    0.017419874280957648,
    -5.329079277721638e-07,
    -0.004256852088992093,
    8.012742054846339e-08,
    0.06395982937827724,
    -0.02072259243095918,
    1.2045407913295614e-08,
    -0.028895115751249895,
    6.545217189613678e-05,
    7.901167833196387e-08,
    0.0068999190251741865,
    5.423211680080642e-10,
    0.01595195094642656,
    -0.07260212322468564,
    3.6771430431820074e-09,
    -0.06832720978205598,
    -3.176805099362745e-09,
    -9.764155856246959e-09,
    -0.04477050396713919,
    -0.06466532568033553,
    8.030488161166888e-09,
    -0.003622098314085276,
    9.11891058453726e-09,
    -0.0060318837144736105,
    1.964770741935684e-09,
    -0.05674203993022759
  ]
}