{
  "T_max_full": 1.8895155437367148e+27,
  "T_max_face": 4.1199130832967255e+26,
  "T_max_qq": 2.8545140213183676e+23,
  "frobenius_diff": 6.0339094299854446e+53,
  "frobenius_face": 1.6973684991045862e+53,
  "relative_chi4_leakage": 3.5548612061367444,
  "a_mu_1cell": 6.476725694269237e-14,
  "a_mu_2cell_with_chi4": 8.117764669454948e-16,
  "a_mu_2cell_without_chi4": 3.806598433733067e-16,
  "chi4_effect_on_2cell_HVP_pct": 113.2550835285768,
  "evals_face_top20": [
    4.1199130832967255e+26,
    7.357261287831304e+24,
    3.074056684565387e+24,
    1.654478787764438e+24,
    9.139937847686084e+23,
    1.2723780459757549e+23,
    5.8135399716064676e+22,
    2.581317248581566e+22,
    1.2875398203720304e+22,
    8.857748640755914e+21,
    7.428739494105809e+21,
    7.009056843302516e+21,
    5.635080597128385e+21,
    5.32699242231844e+21,
    5.151109556969012e+21,
    4.6917668170808374e+21,
    4.607304580765674e+21,
    4.534633585987731e+21,
    3.802391509876633e+21,
    3.667983916204947e+21
  ],
  "evals_T2_face_top20": [
    1.6973683813919533e+53,
    5.412929365742113e+49,
    9.449824499921139e+48,
    2.7373000591624842e+48,
    8.353846385956453e+47,
    1.6189458918810802e+46,
    3.3797247001466126e+45,
    6.663198737824707e+44,
    1.6577587890436402e+44,
    7.845971098281323e+43,
    5.518617047128743e+43,
    4.912687783264582e+43,
    3.17541333361328e+43,
    2.837684826743808e+43,
    2.6533929667897493e+43,
    2.201267586586085e+43,
    2.1227255499944364e+43,
    2.056290175916795e+43,
    1.4458181194381903e+43,
    1.3454106009538178e+43
  ],
  "evals_T2_full_face_top20": [
    7.731190053673693e+53,
    1.4500106748779682e+50,
    9.10892568350668e+49,
    6.287801977886077e+49,
    3.787464319311837e+49,
    2.4985779915841955e+49,
    2.076693458665995e+49,
    8.045670352477597e+48,
    5.1274791461821235e+48,
    3.792640734482121e+47,
    5.884763134470175e+46,
    4.1968116123814566e+46,
    3.0280550290687706e+46,
    2.673705720683357e+46,
    8.377389646039745e+45,
    6.66688586647951e+45,
    8.885077679336829e+44,
    7.342442422401689e+44,
    4.277960905608344e+44,
    3.7263802778594944e+44
  ]
}