{
  "schmidt_singular_values": [
    0.9991133266217367,
    0.034565037491343285,
    0.01802841291106494,
    0.015426376175251843,
    0.0038499345550827863
  ],
  "schmidt_coefficients_p": [
    0.9982274394331515,
    0.001194741816777965,
    0.0003250236720918525,
    0.0002379730819003773,
    1.4821996078420469e-05
  ],
  "schmidt_coefficients_sorted": [
    0.9982274394331515,
    0.001194741816777965,
    0.0003250236720918525,
    0.0002379730819003773,
    1.4821996078420469e-05
  ],
  "entropy_nats": 0.01457216150552942,
  "two_alpha": 0.014594705119777979,
  "ratio_S_over_2alpha": 0.9984553566472536,
  "U_matrix": [
    [
      -0.037021575964304776,
      0.08097766458022945,
      0.34685255132809195,
      -8.807949838293843e-15,
      0.9336837410972972
    ],
    [
      -0.2740752859412066,
      -0.15259116873336506,
      -0.5932755863444675,
      -0.707106781186547,
      0.22276164730146283
    ],
    [
      -0.27407528594120667,
      -0.15259116873336898,
      -0.5932755863444603,
      0.7071067811865483,
      0.22276164730147413
    ],
    [
      -0.49928589321800837,
      0.8618544899415349,
      -0.023268980817610918,
      3.5192606499453684e-15,
      -0.0859010450042485
    ],
    [
      -0.7740209784102147,
      -0.45175361255436447,
      0.41856901397997553,
      -2.3730889965415244e-15,
      -0.1470040103562008
    ]
  ],
  "dominant_irreps": [
    "\u03c7\u2085",
    "\u03c7\u2084",
    "\u03c7\u2083",
    "\u03c7\u2083'",
    "\u03c7\u2081"
  ]
}